{
  "metadata": {
    "timestamp": "2026-01-26T15:00:20.380938063+00:00",
    "version": "0.1.0",
    "seed": 42,
    "max_samples": 1000,
    "num_documents": 500,
    "num_intent_queries": 50,
    "num_context_queries": 50
  },
  "results": {
    "metrics": {
      "intent_detection": {
        "total_queries": 100,
        "correct_intent": 50,
        "correct_context": 45,
        "misclassified": 5,
        "accuracy": 0.95,
        "per_domain_accuracy": {
          "feature_development": 0.4444444444444444,
          "infrastructure": 1.0,
          "testing": 1.0,
          "documentation": 1.0,
          "bug_fixing": 1.0,
          "performance_optimization": 1.0,
          "refactoring": 1.0,
          "security": 1.0
        },
        "intent_precision": 0.9090909090909091,
        "intent_recall": 1.0,
        "intent_f1": 0.9523809523809523
      },
      "context_matching": {
        "mrr": 0.08656634567258292,
        "precision_at_k": {
          "1": 0.0,
          "20": 0.034499999999999996,
          "10": 0.027000000000000003,
          "5": 0.013999999999999999
        },
        "recall_at_k": {
          "10": 0.09,
          "20": 0.22999999999999995,
          "5": 0.02333333333333333,
          "1": 0.0
        },
        "ndcg_at_k": {
          "20": 0.100374331383669,
          "1": 0.0,
          "5": 0.020725733767610565,
          "10": 0.05156847655021371
        },
        "total_queries": 100,
        "hits_at_1": 0,
        "hits_at_5": 7,
        "hits_at_10": 17
      },
      "asymmetric_retrieval": {
        "total_queries": 4,
        "intent_to_context_wins": 0,
        "context_to_intent_wins": 0,
        "ties": 4,
        "observed_asymmetry_ratio": 1.0,
        "expected_asymmetry_ratio": 1.0,
        "formula_compliant": true,
        "intent_to_context_modifier": 1.0,
        "context_to_intent_modifier": 1.0,
        "same_direction_modifier": 1.0,
        "e10_contribution_percentage": 0.0
      },
      "ablation": {
        "e1_only_mrr": 0.17024998948142847,
        "e10_only_mrr": 0.11658164688387371,
        "e1_e10_blend_mrr": 0.1694826160336203,
        "full_13_space_mrr": 0.1700148509771961,
        "e10_contribution": -0.0007673734478081673,
        "e10_contribution_percentage": -0.4507333305250367,
        "blend_analysis": [
          {
            "blend_value": 0.0,
            "e1_weight": 1.0,
            "e10_weight": 0.0,
            "mrr": 0.17024998948142847,
            "precision_at_5": 0.04600000000000001
          },
          {
            "blend_value": 0.1,
            "e1_weight": 0.9,
            "e10_weight": 0.1,
            "mrr": 0.1694826160336203,
            "precision_at_5": 0.04600000000000001
          },
          {
            "blend_value": 0.2,
            "e1_weight": 0.8,
            "e10_weight": 0.2,
            "mrr": 0.17082060775204685,
            "precision_at_5": 0.04600000000000001
          },
          {
            "blend_value": 0.3,
            "e1_weight": 0.7,
            "e10_weight": 0.3,
            "mrr": 0.2051947166180913,
            "precision_at_5": 0.04600000000000001
          },
          {
            "blend_value": 0.4,
            "e1_weight": 0.6,
            "e10_weight": 0.4,
            "mrr": 0.20648137440474912,
            "precision_at_5": 0.04600000000000001
          },
          {
            "blend_value": 0.5,
            "e1_weight": 0.5,
            "e10_weight": 0.5,
            "mrr": 0.2152981713384942,
            "precision_at_5": 0.04600000000000001
          },
          {
            "blend_value": 0.6,
            "e1_weight": 0.4,
            "e10_weight": 0.6,
            "mrr": 0.20357646009819944,
            "precision_at_5": 0.04600000000000001
          },
          {
            "blend_value": 0.7,
            "e1_weight": 0.30000000000000004,
            "e10_weight": 0.7,
            "mrr": 0.19773093988950763,
            "precision_at_5": 0.06600000000000003
          },
          {
            "blend_value": 0.8,
            "e1_weight": 0.19999999999999996,
            "e10_weight": 0.8,
            "mrr": 0.1467583835616216,
            "precision_at_5": 0.05200000000000002
          },
          {
            "blend_value": 0.9,
            "e1_weight": 0.09999999999999998,
            "e10_weight": 0.9,
            "mrr": 0.10997404078499473,
            "precision_at_5": 0.03400000000000001
          },
          {
            "blend_value": 1.0,
            "e1_weight": 0.0,
            "e10_weight": 1.0,
            "mrr": 0.018398212613127022,
            "precision_at_5": 0.0
          }
        ]
      }
    },
    "timings": {
      "total_ms": 9227,
      "dataset_generation_ms": 7,
      "intent_detection_ms": 0,
      "context_matching_ms": 379,
      "asymmetric_validation_ms": 0,
      "ablation_ms": 8839
    },
    "config": {
      "dataset": {
        "num_documents": 500,
        "num_intent_queries": 50,
        "num_context_queries": 50,
        "seed": 42,
        "domains": [
          "PerformanceOptimization",
          "BugFixing",
          "FeatureDevelopment",
          "Refactoring",
          "Testing",
          "Documentation",
          "Security",
          "Infrastructure"
        ],
        "intent_context_ratio": 0.5
      },
      "run_intent_detection": true,
      "run_context_matching": true,
      "run_asymmetric_validation": true,
      "run_ablation": true,
      "k_values": [
        1,
        5,
        10,
        20
      ],
      "blend_values": [
        0.0,
        0.1,
        0.2,
        0.3,
        0.4,
        0.5,
        0.6,
        0.7,
        0.8,
        0.9,
        1.0
      ]
    },
    "dataset_stats": {
      "total_documents": 500,
      "documents_per_domain": {
        "testing": 54,
        "performance_optimization": 67,
        "security": 55,
        "documentation": 72,
        "infrastructure": 63,
        "feature_development": 59,
        "bug_fixing": 65,
        "refactoring": 65
      },
      "intent_documents": 250,
      "context_documents": 250,
      "intent_queries": 50,
      "context_queries": 50
    }
  },
  "summary": {
    "intent_detection_accuracy": 0.95,
    "intent_precision": 0.9090909090909091,
    "intent_recall": 1.0,
    "mrr": 0.08656634567258292,
    "precision_at_1": 0.0,
    "precision_at_5": 0.013999999999999999,
    "precision_at_10": 0.027000000000000003,
    "ndcg_at_10": 0.05156847655021371,
    "asymmetry_ratio": 1.0,
    "intent_to_context_modifier": 1.0,
    "context_to_intent_modifier": 1.0,
    "formula_compliant": true,
    "e1_only_mrr": 0.17024998948142847,
    "e10_only_mrr": 0.11658164688387371,
    "e1_e10_blend_mrr": 0.1694826160336203,
    "e10_contribution_percentage": -0.4507333305250367,
    "optimal_blend_value": 0.5,
    "total_duration_ms": 9227,
    "all_tests_passed": false
  }
}