{
  "timestamp": "2026-01-20T23:11:48.709819806+00:00",
  "corpus_size": 100,
  "num_topics": 10,
  "num_queries": 10,
  "mcp_multispace": {
    "mrr": 0.775,
    "precision_at_5": 0.6399999999999999,
    "precision_at_10": 0.52,
    "recall_at_10": 0.5777777777777777
  },
  "e1_baseline": {
    "mrr": 0.8833333333333332,
    "precision_at_5": 0.6799999999999999,
    "precision_at_10": 0.5199999999999999,
    "recall_at_10": 0.5777777777777777
  },
  "improvements": {
    "mrr_pct": -12.26415094339621,
    "precision_5_pct": -5.882352941176476,
    "precision_10_pct": 2.1350442781253012e-14,
    "recall_10_pct": 0.0
  },
  "total_injection_time_secs": 15.619463697,
  "total_search_time_secs": 2.673184569,
  "avg_embedding_ms": 155.7
}